# lr,loss_stack_0,loss_stack_1,PSNR
1.299999999999999886e-04,-3.247694778442382812e+01,-3.240637969970703125e+01,1.832211303710937500e+01
