{
      "image_to_label": {
            "PSNR": {
                  "mean": 23.719003677368164,
                  "std": 2.1291370391845703,
                  "values": [
                        21.589866638183594,
                        25.848140716552734
                  ]
            },
            "SSIM": {
                  "mean": 0.8221855163574219,
                  "std": 0.062371134757995605,
                  "values": [
                        0.7598143815994263,
                        0.8845566511154175
                  ]
            }
      },
      "cycle_to_label": {
            "PSNR": {
                  "mean": 23.751757621765137,
                  "std": 2.673874855041504,
                  "values": [
                        21.077882766723633,
                        26.42563247680664
                  ]
            },
            "SSIM": {
                  "mean": 0.8104730844497681,
                  "std": 0.0553053617477417,
                  "values": [
                        0.7551677227020264,
                        0.8657784461975098
                  ]
            }
      }
}