# lr,loss_stack_0,loss_stack_1,PSNR
1.299999999999999886e-04,-1.850703048706054688e+01,-2.075715065002441406e+01,1.560426712036132812e+01
